{
	"objects": [
		{
			"objects": [
				{
					"type": "image",
					"avatarId": "A1234",
					"version": "3.6.6",
					"originX": "left",
					"originY": "top",
					"left": 300,
					"top": 365.66,
					"width": 550,
					"height": 309,
					"fill": "rgb(0,0,0)",
					"stroke": null,
					"strokeWidth": 0,
					"strokeDashArray": null,
					"strokeLineCap": "butt",
					"strokeDashOffset": 0,
					"strokeLineJoin": "miter",
					"strokeMiterLimit": 4,
					"scaleX": 1.09,
					"scaleY": 1.29,
					"angle": 0,
					"flipX": false,
					"flipY": false,
					"opacity": 1,
					"shadow": null,
					"visible": true,
					"clipTo": null,
					"backgroundColor": "rgba(255, 255, 255, 1)",
					"fillRule": "nonzero",
					"paintFirst": "fill",
					"globalCompositeOperation": "source-over",
					"transformMatrix": null,
					"skewX": 0,
					"skewY": 0,
					"crossOrigin": "",
					"cropX": 0,
					"cropY": 0,
					"id": "workarea",
					"name": "",
					"file": null,
					"src": "http://localhost:4000/images/sample/avatar.png",
					"link": {},
					"tooltip": {
						"enabled": false
					},
					"layout": "fixed",
					"workareaWidth": 600,
					"workareaHeight": 400,
					"filters": []
				}
				
			],
			"animations": [],
			"styles": [],
			"dataSources": [],
			"src": "http://localhost:4000/images/sample/slide1.png"
		}]
}
	
